nome_mantenedora;codigo_mantenedora;cnpj 
INSTITUTO LEAO SAMPAIO DE ENSINO UNIVERSITARIO LTDA;1149;2390000000000
SOCIEDADE EDUCACIONAL CESAR VIEIRA DINIZ - PETROLINA LTDA;16313;20900000000000
IREP SOCIEDADE DE ENSINO SUPERIOR, MEDIO E FUNDAMENTAL LTDA.;545;2610000000000
SERVICOS EDUCACIONAIS DO LITORAL PAULISTA LTDA.;1247;3930000000000
OPET ORGANIZACAO PARANAENSE DE ENSINO TECNICO LTDA;844;75100000000000
FACULDADES METROPOLITANAS UNIDAS EDUCACIONAIS LTDA.;262;63100000000000
IME INSTITUTO METROPOLITANO DE ENSINO LTDA;1416;3820000000000
ANHANGUERA EDUCACIONAL PARTICIPACOES S/A;16452;4310000000000
CENESUP - CENTRO NACIONAL DE ENSINO SUPERIOR LTDA;2405;5470000000000
CENTRO EDUCACIONAL MONTES BELOS LTDA;1526;4910000000000
COMPANHIA NILZA CORDEIRO HERDY DE EDUCACAO E CULTURA;326;29400000000000
SOEBRAS - SOCIEDADE EDUCATIVA DO BRASIL LTDA;1509;22700000000000
ASSOCIACAO EDUCACIONAL DE CIENCIAS DA SAUDE - AECISA;2291;5830000000000
UNEF UNIDADE DE ENSINO SUPERIOR DE FEIRA DE SANTANA LTDA;1667;3400000000000
INSTITUICAO DE ENSINO RIZZO, ALVES DA SILVA & PERES IGNACIO LTDA;16410;12900000000000
SOCIEDADE PAULISTA DE ENSINO E PESQUISA S/S LTDA;16298;4300000000000
INSTITUTO SANTANENSE DE ENSINO SUPERIOR;316;62900000000000
SOCIEDADE EDUCACIONAL SANTA RITA S.A.;943;91100000000000
SOCIEDADE DE ENSINO SUPERIOR ESTACIO DE SA LTDA;119;34100000000000
INSTITUTO DE GESTAO EDUCACIONAL SIGNORELLI LTDA.;3266;7440000000000
INSTITUTO MANTENEDOR DE ENSINO SUPERIOR DA BAHIA LTDA - ME;1564;4670000000000
AMC - SERVICOS EDUCACIONAIS LTDA;143;43000000000000
PITAGORAS - SISTEMA DE EDUCACAO SUPERIOR SOCIEDADE LTDA;1204;3240000000000
CESG - CENTRO DE EDUCACAO SUPERIOR DE GUANAMBI LTDA;1329;4100000000000
IPE EDUCACIONAL LTDA;245;8680000000000
SOCIEDADE EDUCACIONAL ARNALDO HORACIO FERREIRA S/C LTDA;2477;6160000000000
INFNET EDUCACAO LTDA.;2519;674000000000
SOCIEDADE UNIFICADA DE EDUCACAO DE EXTREMA;1477;3770000000000
DIDACIEBE CENTRO INTEGRADO DE EDUCACAO BRASIL - EUROPA LTDA;2523;6260000000000
SOCIEDADE DE PESQUISA EDUCACAO E CULTURA, DR. APARICIO CARVALHO DE MORAES LTDA;757;1130000000000
FACULDADE DE CIENCIAS E TECNOLOGIA DO MARANHAO LTDA;3169;8070000000000
SOCIEDADE UNIFICADA DE ENSINO AUGUSTO MOTTA;199;34000000000000
CRUZEIRO DO SUL EDUCACIONAL S.A.;159;63000000000000
FUNDACAO EDUCACIONAL MONSENHOR MESSIAS;84;25000000000000
UNIESP S.A;16134;19300000000000
CEN - CENTRO DE ENSINO SUPERIOR E CAPACITACAO LTDA - EPP;16437;4900000000000
GRUPO DOM BOSCO LTDA;1240;41500000000000
CENTRO DE ENSINO SUPERIOR NILTON LINS;441;4800000000000
SER EDUCACIONAL S.A.;1847;4990000000000
ASSOCIACAO TERESINENSE DE ENSINO S/C LTDA;781;35000000000000
SOCIEDADE DE EDUCACAO SUPERIOR E CULTURA BRASIL S.A.;902;84700000000000
ASSOCIACAO EDUCACIONAL NOVE DE JULHO;222;43400000000000
FIUSA EDUCACIONAL S/SIMPLES LTDA - EPP;2141;4240000000000
IUNI EDUCACIONAL - UNIME SALVADOR LTDA;1965;3400000000000
UNIAO DAS FACULDADES FASIPE LTDA;15951;17500000000000
CEUMA-ASSOCIACAO DE ENSINO SUPERIOR;2559;23700000000000
CENTRO DE ENSINO SUPERIOR DO CEARA;1569;4920000000000
AELBRA EDUCACAO SUPERIOR - GRADUACAO E POS-GRADUACAO S.A.;314;88300000000000
IDEA - INSTITUTO DE DESENVOLVIMENTO EDUCACIONAL AVANCADO LTDA;970;3160000000000
ABES - SOCIEDADE BAIANA DE ENSINO SUPERIOR LTDA;737;32700000000000
SANTANA INSTITUTO DE EDUCACAO SUPERIOR EIRELI;2148;2850000000000
SOCIEDADE AVANTIS DE ENSINO E ESCOLA DE AVIACAO CIVIL S.A.;1303;4200000000000
FUNDACAO CULTURAL DE ARAXA;78;17800000000000
EDITORA E DISTRIBUIDORA EDUCACIONAL S/A;14514;38700000000000
ASSUPERO ENSINO SUPERIOR LTDA.;2415;6100000000000
SOCIEDADE EDUCACIONAL ATUAL DA AMAZONIA LTDA;1122;3540000000000
ISCP - SOCIEDADE EDUCACIONAL LTDA.;321;62600000000000
AGES EMPREENDIMENTOS EDUCACIONAIS LTDA;1077;3730000000000
SOCIEDADE DE EDUCACAO TIRADENTES S.A;274;13000000000000
YDUQS EDUCACIONAL LTDA.;1174;3680000000000
ASSOCIACAO PRUDENTINA DE EDUCACAO E CULTURA APEC;194;44900000000000
FACS SERVICOS EDUCACIONAIS LTDA;268;13500000000000
ESUCRI - ESCOLA SUPERIOR DE CRICIUMA LTDA;1116;73500000000000
SOCIEDADE DE ENSINO SUPERIOR TOLEDO LTDA.;85;43800000000000
FUNDACAO UNIVERSIDADE DE CAXIAS DO SUL;13;88600000000000
FUCAPI FUND CENTRO DE ANALISE PESQ E INOV TECNOLOGICA;732;4150000000000
OSAC - ORGANIZACAO SOROCABANA DE ASSISTENCIA E CULTURA LTDA.;307;71900000000000
SOCIEDADE NORTE MINEIRA DE ENSINO E COMUNICACAO LTDA;17161;2600000000000
SOCIEDADE EDUCACIONAL SUL BAHIANA LTDA - EPP;2067;5400000000000
ASSOCIACAO SAO BENTO DE ENSINO;88;44000000000000
INSTITUTO EURO AMERICANO DE EDUCACAO CIENCIA TECNOLOGIA;770;37200000000000
ASSOCIACAO ESCOLA SUPERIOR DE PROPAGANDA E MARKETING;412;61800000000000
ESACOM - ESCOLA SUPERIOR DE ADMINISTRACAO, COMUNICACAO E MARKETING S/C LTDA;1567;4900000000000
CESB - CENTRO DE EDUCACAO SUPERIOR DE BRASILIA LTDA;740;422000000000
ASSOCIACAO PRO ENSINO EM SANTA CRUZ DO SUL;210;95400000000000
UNIAO EDUCACIONAL, CULTURAL E TECNOLOGICA IMPACTA - UNI.IMPACTA;1765;59100000000000
SOCIEDADE UNIVERSITARIA DE EXCELENCIA EDUCACIONAL DO RIO GRANDE DO NORTE LTDA;2861;7490000000000
UNIAO DE ENSINO UNOPAR LTDA;1176;3570000000000
INSTITUICAO EDUCACIONAL PROFESSOR PASQUALE CASCINO;145;43400000000000
FUNDACAO UNIVERSIDADE DO SUL DE SANTA CATARINA-UNISUL;340;86400000000000
FRB- FACULDADES REUNIDAS DE BOTUCATU LTDA;16931;18800000000000
APEC - SOCIEDADE POTIGUAR DE EDUCACAO E CULTURA LTDA;481;8480000000000
CENTRO DE ENSINO SAO LUCAS LTDA;938;84600000000000
FEBASP ASSOCIACAO CIVIL;118;62300000000000
INSTITUICAO CHADDAD DE ENSINO LTDA;878;2640000000000
ASSOCIACAO EDUCACIONAL DE PATOS DE MINAS - AEPM;1891;3240000000000
CETEC EDUCACIONAL S.A.;3082;7760000000000
INSTITUTO DE EDUCACAO E CULTURA UNIMONTE S/A;346;45000000000000
OLHAR EDUCACIONAL LTDA;17861;29200000000000
INSTITUTO JAGUARIBANO DE ENSINO LTDA. - ME;15728;10500000000000
DINAMICA E ASSESSORIA E CONSULTORIA EMPRESARIAL EIRELI;17855;36300000000000
FUNDACAO MUNICIPAL DE ENSINO SUPERIOR DE CONS LAFAIETE;77;19700000000000
ASBEC - SOCIEDADE BAIANA DE EDUCACAO E CULTURA S/A;805;1120000000000
UNIDADE REGIONAL BAIANA DE EDUCACAO LTDA;17571;14900000000000
ENTIDADE MANTENEDORA DE ENSINO SANTA RITA LTDA;813;2050000000000
UNIRB - UNIVERSIDADE REGIONAL BRASILEIRA S.A.;17024;28800000000000
IESST - INSTITUTO DE ENSINO SUPERIOR SOCIAL E TECNOLOGICO;1086;3320000000000
CETTAA EDUCACIONAL LTDA;2744;6120000000000
CENTRO EDUCACIONAL DE REALENGO;129;42300000000000
UNIDESC LTDA;17143;30100000000000
ASSOCIACAO IGREJA ADVENTISTA MISSIONARIA - AIAMIS;1390;3370000000000
CENTRO EDUCACIONAL NOSSA CIDADE LTDA.;2617;7230000000000
ASSOCIACAO ESCOLA DE AGRIMENSURA DE ARARAQUARA;87;44000000000000
ASSOCIACAO DE ESCOLAS REUNIDAS LTDA.;471;51800000000000
SOCIEDADE EDUCACIONAL DE RONDONIA S/S LTDA;525;5710000000000
FUNDACAO MUNICIPAL DE ENSINO SUPERIOR BRAGANCA PAULISTA;341;45600000000000
FACULDADE DE TECNOLOGIA E CIENCIAS DO NORTE DO PARANA LTDA - ME;3040;7720000000000
UNIAO DE EDUCACAO E CULTURA VALE DO JAGUARIBE LTDA;901;139000000000
FUNDACAO DOM AGUIRRE;109;71500000000000
INSTITUICAO EDUCACIONAL MATOGROSSENSE-IEMAT;546;2490000000000
COLEGIO SAO FRANCISCO;1018;6040000000000
INSTITUTO ENSINAR BRASIL;218;19300000000000
INACI ASSOCIACAO DE ENSINO;3554;60600000000000
FUNDACAO EDUCACIONAL DE BARRETOS;51;44800000000000
CENTRO DE ESTUDOS SUPERIORES POSITIVO LTDA;418;78800000000000
SESG - SOCIEDADE DE EDUCACAO SUPERIOR GUAIRACA LTDA;2390;6060000000000
ASSOCIACAO EDUCACIONAL DE ENSINO SUPERIOR;555;56600000000000
ASSOCIACAO CARIOCA DE ENSINO SUPERIOR;553;31900000000000
CAMPANHA NACIONAL DE ESCOLAS DA COMUNIDADE;407;33600000000000
CESUMAR - CENTRO DE ENSINO SUPERIOR DE MARINGA LTDA;560;79300000000000
SOCIEDADE EMPRESARIAL DE ESTUDOS SUPERIORES E TECNOLOGICOS SANT''ANA LTDA - ME;12729;9400000000000
BRASIL EDUCACAO S/A;3052;5650000000000
UNIDADE REGIONAL BRASILEIRA DE EDUCACAO LTDA;16248;15100000000000
ASSOCIACAO EDUCATIVA EVANGELICA;267;1060000000000
ESCOLA SUPERIOR DA AMAZONIA S/C LTDA - ESAMAZ;3610;5120000000000
ASSOBES ENSINO SUPERIOR LTDA.;519;1710000000000
FACULDADES INTEGRADAS BRASIL AMAZONIA S/S LTDA;1578;4240000000000
ESCOLA SUPERIOR DE GESTAO DE NEGOCIOS LTDA;1025;3360000000000
UB UNISAOLUIS EDUCACIONAL S.A;1042;3190000000000
SERVICO NACIONAL DE APRENDIZAGEM COMERCIAL - SENAC;2612;3610000000000
SESSA-SOCIEDADE DE EDUCACAO SUPERIOR DO SEMI-ARIDO LTDA - ME;3509;9650000000000
FUNDACAO DE INTEGRACAO, DESENVOLVIMENTO E EDUCACAO DO NOROESTE DO ESTADO DO RIO GRANDE DO SUL - FIDENE;370;90700000000000
CAMARA DE DIRIGENTES LOJISTAS DE FORTALEZA;3064;7290000000000
SOCIEDADE CULTURAL E EDUCACIONAL DO INTERIOR PAULISTA S/S LTDA;2394;5310000000000
SOCIEDADE UNIVERSITARIA MILETO LTDA - EPP;15562;12200000000000
EMPRESA BRASILEIRA DE ENSINO PESQUISA E EXTENSAO S/A - MULTIVIX;832;1940000000000
FUNDACAO EDSON QUEIROZ;386;7370000000000
LIGA DE ENSINO DO RIO GRANDE DO NORTE;846;8340000000000
FUNDACAO EDUCACIONAL UNIFICADA CAMPOGRANDENSE;150;42300000000000
SOCIEDADE EDUCACIONAL MATER CHRISTI LTDA;1105;24600000000000
ASSOCIACAO EDUCATIVA E CULTURAL MARIA EMILIA;967;34100000000000
ASSOCIACAO DE ENSINO E CULTURA DE MATO GROSSO DO SUL;625;1920000000000
UNIAO BRASILEIRA DE EDUCACAO CATOLICA;278;332000000000
ASSOCIACAO DE ENSINO EVEREST;17410;31400000000000
INSTITUTO ADVENTISTA DE ENSINO;144;43600000000000
CIESPI-CENTRO INTEGRADO DE EDUCACAO SUPERIOR DO PIAUI LTDA;2637;7230000000000
UNICA EDUCACIONAL LTDA;14675;10700000000000
IPADE - INSTITUTO PARA O DESENVOLVIMENTO DA EDUCACAO LTDA.;1246;4100000000000
INSTITUTO METODISTA DE ENSINO SUPERIOR;123;44400000000000
UNIC EDUCACIONAL LTDA;15801;14800000000000
DOM BOSCO ENSINO SUPERIOR LTDA.;985;2800000000000
FUNDACAO MINEIRA DE EDUCACAO E CULTURA;113;17300000000000
ORGANIZACAO EDUCACIONAL DE CRUZEIRO DO OESTE LTDA;3389;9000000000000
SOESPE SOCIEDADE DE EDUCACAO SUPERIOR DE PEDREIRAS LTDA;15689;97500000000000
CENTRO SUPERIOR DE ESTUDOS DE MANHUACU LTDA;1301;3750000000000
INSTITUTO CULTURAL NEWTON PAIVA FERREIRA LTDA;239;16500000000000
INSTITUTO CAMPINENSE DE ENSINO SUPERIOR LTDA;2447;5930000000000
SOCIEDADE EDUCACIONAL FORTALEZA - ME;16371;21100000000000
ASSOCIACAO SALGADO DE OLIVEIRA DE EDUCACAO E CULTURA;435;28600000000000
FUNORTE FACULDADES UNIDAS DO NORTE MINAS LTDA;1051;25200000000000
CENTRO EDUCACIONAL TRES MARIAS - LTDA;15631;14300000000000
UNIVERSIDADE DE TAUBATE;437;45200000000000
FUNDACAO EDUCACIONAL DE FERNANDOPOLIS;492;49700000000000
UCEFF - UNIDADE CENTRAL DE EDUCACAO FAI FACULDADES LTDA;1175;3880000000000
FUNDACAO ESPERANCA;1098;5410000000000
INSTITUTO MACAPAENSE DE ENSINO SUPERIOR S.S LTDA - ME;1612;4160000000000
ASSOCIACAO EDUCACIONAL DE JOAO PINHEIRO;1590;3290000000000
FUNDACAO DE ENSINO SUPERIOR DO VALE DO SAPUCAI;127;24000000000000
INSTITUTO VALE DO CRICARE LTDA;994;2000000000000
FUNDACAO PRESIDENTE ANTONIO CARLOS;221;17100000000000
ASSOCIACAO PARANAENSE DE ENSINO E CULTURA;305;75500000000000
CENTRO DE ENSINO SUPERIOR PIAUIENSE LTDA;1108;3370000000000
INSTITUTO FILADELFIA DE LONDRINA;299;78600000000000
ASSOCIACAO EDUCACIONAL DE VITORIA;789;32500000000000
EDUCADORA SETE DE SETEMBRO LTDA;1023;7240000000000
SOCIEDADE EDUCACIONAL EDICE PORTELA LTDA;1629;41500000000000
UNISEP-UNIAO DE ENSINO DO SUDOESTE DO PARANA S/C LTDA;1084;3390000000000
SOMAR - SOCIEDADE MARANHENSE DE ENSINO SUPERIOR LTDA - ME;1306;4860000000000
FAINOR FACULDADE INDEPENDENTE DO NORDESTE LTDA;1163;3260000000000
ASSOCIACAO DE APOIO A EDUCACAO CIENCIA E TECNOLOGIA DO ESTADO DE SERGIPE - APEC-SE - EPP;13769;10900000000000
EMPREENDIMENTO EDUCACIONAL MARACANAU LTDA.;1297;3880000000000
ORGANIZACAO EDUCACIONAL BARAO DE MAUA;98;56000000000000
J. COUTINHO SOCIEDADE CIVIL LTDA  - ME;1963;5090000000000
FUNDACAO VALEPARAIBANA DE ENSINO;197;60200000000000
SETE - SOCIEDADE EDUCACIONAL DE TERESINA EIRELI;15973;17800000000000
CENTRO DE ENSINO UNIFICADO DO DISTRITO FEDERAL LTDA;359;78220000138
ACAO EDUCACIONAL CLARETIANA;780;44900000000000
FATEB EDUCACAO INTEGRAL LTDA;1008;904000000000
ASSOCIACAO UNIVERSITARIA E CULTURAL DA BAHIA;360;14000000000000
AESO-ENSINO SUPERIOR DE OLINDA LTDA;276;9730000000000
IBMEC EDUCACIONAL LTDA.;1223;4300000000000
CENTRO INTEGRADO PARA FORMACAO DE EXECUTIVOS;485;8240000000000
INSTITUICAO SINODAL DE ASSISTENCIA EDUCACAO E CULTURA;915;96700000000000
ASSOCIACAO DE CULTURA E EDUCACAO SANTA TERESA;787;68700000000000
UNIAO BANDEIRANTE DE EDUCACAO E CULTURA S.A.;17362;32800000000000
SNEL - SOCIEDADE NORTE EDUCACIONAL LTDA.;17159;4390000000000
SECID - SOCIEDADE EDUCACIONAL CIDADE DE SAO PAULO LTDA;290;43400000000000
ASSOCIACAO DE ENSINO IMPERIUM;17411;32900000000000
SOCIEDADE DE EDUCACAO RITTER DOS REIS LTDA.;313;87200000000000
SOCIEDADE ACREANA DE EDUCACAO E CULTURA LTDA;1534;3290000000000
CENTRO UNIVERSITARIO POLIENSINO LTDA - ME;16755;26100000000000
FUNDACAO OCTACILIO GUALBERTO;328;34000000000000
FUNDACAO EDUCACIONAL DE ITUVERAVA;306;45300000000000
CESCAGE CENTRO DE ENSINO SUPERIOR DOS CAMPOS GERAIS - ME;925;3010000000000
SOEC SOCIEDADE OLINDENSE DE EDUCACAO E CULTURA;887;69900000000000
H. M. SIMOES CARNEIRO - ME;3561;10200000000000
ASSOCIACAO DE ENSINO SUPERIOR DE GOIAS-AESGO;1123;33600000000000
CESED - CENTRO DE ENSINO SUPERIOR E DESENVOLVIMENTO LTDA;891;2110000000000
FUNDACAO ASSIS GURGACZ;893;2200000000000
FUNDACAO DE ENSINO E PESQUISA DO SUL DE MINAS;2124;21400000000000
ASSOCIACAO PIAUIENSE DE EDUCACAO E CULTURA LTDA - APEC;505;5800000000000
COMPLEXO DE ENSINO SUPERIOR ESPECIALIZADA NA AREA DE SAUDE S/S - ME;3440;8580000000000
FUNDACAO DE ENSINO SUPERIOR DE CAJAZEIRAS;751;8800000000000
FUNDACAO REGIONAL INTEGRADA;295;96200000000000
FACULDADE CENTRO DE CONHECIMENTO DE TERESINA LTDA - ME;16457;22200000000000
UCL - ENSINO SUPERIOR UNIFICADO CENTRO LESTE;932;2600000000000
FADERGS - FACULDADE DE DESENVOLVIMENTO DO RIO GRANDE DO SUL LTDA.;1913;2250000000000
SOCIEDADE EDUCACIONAL TECS CCI EIRELI;17830;36200000000000
ASSOCIACAO ROLANDENSE DE ENSINO E CULTURA;301;75300000000000
ASSOCIACAO PARANAENSE DE CULTURA - APC;10;76700000000000
TCC EDUCACAO, CIENCIA E CULTURA LTDA - EPP;1344;3340000000000
SOCIEDADE EDUCACIONAL DA AMAZONIA LTDA;1043;3070000000000
UB - UCP EDUCACIONAL S.A.;1677;73200000000000
UNISULMA- UNIDADE DE ENSINO SUPERIOR DO SUL DO MARANHAO LTDA - ME;1768;4560000000000
BCEC - BRASIL CENTRAL DE EDUCACAO E CULTURA LTDA;1014;26400000000000
ASSOCIACAO DE ENSINO SUPERIOR DE NOVA IGUACU;230;30800000000000
FACULDADE DE CIENCIAS DO TOCANTINS LTDA - FACIT - ME;12440;7690000000000
FACEB EDUCACAO LTDA;1117;3100000000000
ASSOCIACAO DE ENSINO E PESQUISA GRACCHO CARDOSO S/C LTDA;790;1300000000000
OBRAS SOCIAIS E EDUCACIONAIS DE LUZ;488;18300000000000
ASSOCIACAO LIMEIRENSE DE EDUCACAO E CULTURA;699;57000000000000
FUNDACAO EDUCANDARIO SANTARRITENSE;122;24500000000000
SOCIEDADE EDUCACIONAL ZACARIAS DE GOES VASCONCELOS LTDA.;1668;4030000000000
FACULDADES ADAMANTINENSES INTEGRADAS;15990;3060000000000
A. REGIAO TOCANTINA DE EDUCACAO E CULTURA LTDA.;1134;69400000000000
PIPEL-PICOS PETROLEO LTDA;2484;7480000000000
UNIGRAN EDUCACIONAL;445;3360000000000
ASSOCIACAO BRASILEIRA DE EDUCACAO FAMILIAR E SOCIAL;1078;33200000000000
ASSOCIACAO DE ENSINO DE RIBEIRAO PRETO;147;56000000000000
SOCIEDADE ASSISTENCIAL DE EDUCACAO E CULTURA;107;45100000000000
UNIAO EDUCACIONAL DE CASCAVEL - UNIVEL LTDA;647;80900000000000
ORGANIZACAO PARAENSE EDUCACIONAL E DE EMPREENDIMENTOS LTDA;1000;3140000000000
CENTRO DE ENSINO SUPERIOR DE IPORA LTDA - EPP;1820;5140000000000
ASSOCIACAO DE ENSINO CATEDRA;17408;31300000000000
SOCIEDADE DE ENSINO SUPERIOR PIAUIENSE LTDA;1021;3190000000000
SOCIEDADE DE ENSINO SUPERIOR E DE PESQUISA DE SERGIPE LTDA - SESPS;2587;6790000000000
UNIPIAGET/BRASIL;13938;9380000000000
FACEP-FACULDADE EVOLUCAO ALTO OESTE POTIGUAR LTDA - ME;3257;8290000000000
UCEFF - UNIDADE CENTRAL DE EDUCACAO FAEM FACULDADE LTDA;1799;5190000000000
SAO JOSE DOS CAMPOS EDUCACIONAL LTDA;15883;17100000000000
FUNDACAO DE ENSINO OCTAVIO BASTOS;171;59800000000000
INSTITUTO INVEST DE EDUCACAO CONSULTORIA E ASSESSORIA LTDA;16364;15400000000000
INSTITUICAO BAIANA DE ENSINO SUPERIOR LTDA;2274;5820000000000
SOCIEDADE CENTRAL DE ENSINO SUPERIOR - EPP;1118;3110000000000
CENTRO SOCIAL CLODOVEU ARRUDA;2434;9530000000000
UB - CAMPO REAL EDUCACIONAL S.A.;1120;3290000000000
CESUAP CENTRO DE ENSINO SUPERIOR DE APUCARANA;885;73200000000000
ASSOCIACAO DE ENSINO JULIAN CARVALHO - AEJC;2491;6230000000000
SOCIEDADE EDUCACIONAL IDEAL LTDA;941;2700000000000
SOCIEDADE EDUCACIONAL DO VALE DO ITAPOCU S/S LTDA.;1177;3820000000000
ABEP - ACADEMIA BAIANA DE ENSINO PESQUISA E EXTENSAO LTDA;273;13500000000000
UNIAO EDUCACIONAL DO PLANALTO CENTRAL S.A;449;720000000000
CENTRO DE ENSINO SUPERIOR BRASILEIRO LTDA;16171;19300000000000
ASSOCIACAO DO ENSINO SUPERIOR DA VITORIA DE STO ANTAO;369;1450000000000
INSTITUTO MAKRO UNIAO POS-GRADUACAO E EXTENSAO LTDA;3529;9220000000000
CENTRO DE ENSINO UNIFICADO DE TERESINA;645;35000000000000
REDE GONZAGA DE ENSINO SUPERIOR - REGES;2454;8670000000000
ASSOCIACAO INTERNACIONAL UNIAO DAS AMERICAS;16113;18700000000000
MULTIVIX SERRA - ENSINO PESQUISA E EXTENSAO LTDA;15213;11100000000000
SOBEU - ASSOCIACAO BARRAMANSENSE DE ENSINO;355;28700000000000
INSTITUTO EDUCACIONAL SANTA CATARINA LTDA - EPP;2224;5680000000000
FUNDACAO DE ENSINO E TECNOLOGIA DE ALFENAS;30;17900000000000
SOCIEDADE EDUCACIONAL UNIFAS S/C LTDA - ME;1270;4050000000000
IESTEC- INSTITUTO DE ENSINO SUPERIOR TEOLOGICO CRISTAO - ME;15756;12500000000000
INSTITUTO DE DESENVOLVIMENTO EDUCACIONAL DO ALTO URUGUAI LTDA;2112;3320000000000
FUNDACAO EDUCACIONAL ARACATUBA;586;44400000000000
UNIAO BRASILEIRA DE EDUCACAO LTDA;3438;7490000000000
INSTITUTO DIAMANTINA DE EDUCACAO LTDA;15618;13600000000000
CENTRO DE EDUCACAO SUPERIOR DO NORTE GOIANO LTDA;2908;7540000000000
FUNDACAO EDUCACIONAL MIGUEL MOFARREJ;188;44500000000000
SEGOC - SOCIEDADE EDUCACIONAL GOVERNADOR OZANAM COELHO LTDA;907;2270000000000
UNIDADE DE ENSINO SUPERIOR DO CENTRO MARANHENSE LTDA;16203;19000000000000
SOCIEDADE EDUCACIONAL DO RIO GRANDE DO SUL;799;93300000000000
CEI - CENTRO EDUCACIONAL INTEGRADO LTDA;2944;79300000000000
MULTIVIX CACHOEIRO  ENSINO, PESQUISA E EXTENSAO LTDA;833;2210000000000
UNIAO PARANAENSE DE ENSINO E CULTURA -UNIPEC;599;76800000000000
SOCIEDADE DE EDUCACAO NOSSA SENHORA DO PATROCINIO S/S LTDA;120;45500000000000
INSTITUTO DE ENSINO CAMPO LIMPO PAULISTA LTDA;849;2250000000000
SOCIEDADE DE EDUCACAO DO VALE DO IPOJUCA LTDA;1179;2740000000000
FUNDACAO ATTILA TABORDA;211;87400000000000
PIRES & CIA LTDA - EPP;2505;5260000000000
ITPAC PORTO NACIONAL - INSTITUTO TOCANTINENSE PRESIDENTE ANTONIO CARLOS  PORTO S.A.;3575;10300000000000
UNISEPE UNIAO DAS INSTITUICOES DE SERVICO, ENSINO E PESQUISA LTDA;715;67200000000000
INSTITUTO DE DESENVOLVIMENTO EDUCACIONAL DE PASSO FUNDO LTDA;15904;17600000000000
CENTRO DE EDUCACAO SUPERIOR DE INHUMAS EIRELI;2666;7240000000000
ASSOCIACAO RANIERI DE EDUCACAO E CULTURA LTDA;760;60000000000000
UNIAO PIONEIRA DE INTEGRACAO SOCIAL;279;320000000000
INSTITUTO EDUCACIONAL INTEGRADO LTDA - ME;15775;116000000000
ASSOCIACAO EDUCACIONAL DO VALE DO SAO LOURENCO S/S LTDA - EPP;548;1370000000000
SOCIEDADE GOIANA DE CULTURA;366;1590000000000
SOCIEDADE CULTURAL E EDUCACIONAL DE ITAPEVA S/S LTDA;855;2100000000000
CENTRO DE EDUCACAO SERRA DA MESA LTDA - CESEM - EPP;2372;6000000000000
ASSOCIACAO DE ENSINO E CULTURA PIO DECIMO LTDA;433;13000000000000
EMPRESA NORTE CAPIXABA DE ENSINO, PESQUISA E EXTENSAO LTDA - ME;3237;8290000000000
CENTRO DE ENSINO UNIFICADO DE BRASILIA CEUB;277;59857000187
FUNDACAO EDUCACIONAL JAYME DE ALTAVILA-FEJAL;404;12200000000000
UNIMEO-UNIAO EDUCACIONAL DO MEDIO OESTE PARANAENSE LTDA - EPP;558;78700000000000
COMPLEXO EDUCACIONAL MILLENIUM LTDA - ME;16340;21100000000000
FUNDACAO COMUNITARIA DE ENSINO SUPERIOR DE ITABIRA;779;73600000000000
ESCOLAS UNIDAS DE OURO PRETO DO OESTE - UNEOURO;1491;4890000000000
SOCIEDADE CIVIL CONSERVATORIO BRASILEIRO DE MUSICA;114;33100000000000
SOCEC- SOCIEDADE CAPIBARIBE DE EDUCACAO E CULTURA LTDA;1198;41200000000000
SOCIEDADE UNIVERSITARIA REDENTOR;1671;3600000000000
IPTAN - INSTITUTO DE ENSINO SUPERIOR PRESIDENTE TANCREDO DE ALMEIDA NEVES S.A.;1050;3220000000000
IEDUC - INSTITUTO DE EDUCACAO E CULTURA S/A;14298;8450000000000
AUTARQUIA BELEMITA DE CULTURA DESPORTOS E EDUCACAO;446;10300000000000
UNIRON - UNIAO DAS ESCOLAS SUPERIORES DE RONDONIA LTDA.;1144;3330000000000
SOEGAR-SOCIEDADE EDUCACIONAL GARDINGO LTDA - EPP;3092;3980000000000
VALE EDUCACAO SA;16027;18300000000000
SOCIEDADE EDUCACIONAL VERDE NORTE LTDA  - ME;1887;4120000000000
INSTITUTO BRASILEIRO DE MEDICINA DE REABILITACAO LTDA;475;42400000000000
SOCIEDADE DE EDUCACAO N.S. AUXILIADORA LTDA;2417;4610000000000
SERVICO NACIONAL DE APRENDIZAGEM COMERCIAL - SENAC;2084;3600000000000
LICEU CORACAO DE JESUS;607;60500000000000
ASPEC SOCIEDADE PARAIBANA DE EDUCACAO E CULTURA LTDA;2003;5250000000000
INSTITUTO DE EDUCACAO UNICURITIBA LTDA;325;76500000000000
FUNDACAO EDUCACIONAL GUAXUPE;353;20800000000000
FUNDACAO UNIVERSITARIA DO DESENVOLVIMENTO DO OESTE;2012;82800000000000
SEEB - SOCIEDADE DE ESTUDOS EMPRESARIAIS AVANCADOS DA BAHIA LTDA;1676;3870000000000
CENTRO DE ESTUDOS OCTAVIO DIAS DE OLIVEIRA;2510;6150000000000
FISMA - FACULDADE INTEGRADA DE SANTA MARIA LTDA.;1721;1760000000000
SOCIEDADE DE ENSINO SUPERIOR ESTACIO RIBEIRAO PRETO LTDA;848;7200000000000
ASSOCIACAO HOSPITALAR DE PROT INFANCIA DR RAUL CARNEIRO;1812;76600000000000
ESCOLA DE EDUCACAO SUPERIOR SAO JORGE;905;68000000000000
FUNDACAO VISCONDE DE CAIRU;111;15200000000000
FUNDACAO EDUCACIONAL DE FORMIGA-MG - FUOM;215;20500000000000
CENTRO DE ENSINO SUPERIOR DE PARAGOMINAS LTDA;15768;11500000000000
SERVICO NACIONAL DE APRENDIZAGEM INDUSTRIAL SENAI;2476;3780000000000
FASIPE CENTRO EDUCACIONAL LTDA - ME;3127;7940000000000
ASSOCIACAO EDUCACIONAL DOS TRABALHADORES DE BRASILIA;14143;117000000000
MISSAO SALESIANA DE MATO GROSSO;270;3230000000000
INSTITUTO VIANNA JUNIOR LTDA;228;21600000000000
SOCIEDADE DE ENSINO SUPERIOR DE SERRA TALHADA - SESST - EPP;2449;6090000000000
INSTITUTO DE ENSINO SUPERIOR DA AMAZONIA LTDA;914;2150000000000
AESMS ENSINO SUPERIOR DE MATO GROSSO DO SUL LTDA.;1308;4000000000000
INSTITUTO AVANCADO DE ENSINO SUPERIOR DE BARREIRAS - IAESB;824;42800000000000
UNIAO EDUCACIONAL DO NORTE LTDA;1404;4520000000000
FUNDACAO EDUCACIONAL DE CARATINGA FUNEC;384;19300000000000
INSTITUTO EDUCACIONAL PIRACICABANO DA IGREJA METODISTA;189;54400000000000
ANTARES EDUCACIONAL S.A.;121;34200000000000
ASSOCIACAO EDUCACIONAL LATINO AMERICANA;15215;12300000000000
DIRETIVA ADMINISTRADORA DE PARTICIPACOES LTDA;1033;121000000000
CEUDESP - CENTRO DE EDUCACAO UNIVERSITARIO E DESENVOLVIMENTO PROFISSIONAL LTDA;1085;2840000000000
SOCIEDADE EDUCACIONAL LEONARDO DA VINCI S/S LTDA;821;1890000000000
FUNDACAO SAO JOAO BATISTA;550;27500000000000
SERVICO NACIONAL DE APRENDIZAGEM COMERCIAL SENAC;543;3710000000000
MARCIO CALAFIORI RESENDE EIRELI - EPP;1400;3490000000000
CENTRO EDUCACIONAL DYLLA LTDA;1580;2640000000000
FUNDACAO EDUCACIONAL DE VOTUPORANGA;160;45200000000000
FUNDACAO EDUCACIONAL PRESIDENTE CASTELO BRANCO;453;27300000000000
SOCIEDADE EDUCACIONAL RIOGRANDENSE LTDA.;3488;9110000000000
FUNDACAO ARCO IRIS DE ARAPUTANGA;910;37500000000000
AUTARQUIA DE ENSINO SUPERIOR DE ARCOVERDE;57;11500000000000
SOCIEDADE CULTURAL E EDUCACIONAL SANTA RITA DE CASSIA LTDA - ME;1101;2880000000000
ASSOCIACAO APARECIDENSE DE EDUCACAO;1032;1460000000000
UNIDADE DE ENSINO SUPERIOR DE CACOAL ''PS'' LTDA - ME;12705;10400000000000
INSTITUICAO EDUCACIONAL ATIBAIENSE LIMITADA;91;44700000000000
FUNDACAO PERCIVAL FARQUHAR;354;20600000000000
CENTRO DE ENSINO SUPERIOR MARIA DA CONCEICAO GASPAR LTDA;2131;5380000000000
ASSOCIACAO EDUCACIONAL LUTERANA BOM JESUS/IELUSC;711;84700000000000
ASSOCIACAO PROPAGADORA ESDEVA;235;21600000000000
CENTRO EDUCACIONAL NOSSA SENHORA AUXILIADORA;1288;29000000000000
INSTITUTO SUPERIOR DE ENSINO CELSO LISBOA;363;34400000000000
INSTITUTO EDUCACIONAL ALMENARA LTDA - EPP;2371;5600000000000
CESUL - CENTRO SULAMERICANO DE ENSINO SUPERIOR LTDA - EPP;1002;2760000000000
FACULDADES INTEGRADAS CARAJAS S/C LTDA - EPP;14228;11300000000000
FEAM - FACULDADE DE EDUCACAO E TECNOLOGIA DA AMAZONIA LTDA - ME;15561;13200000000000
FACULDADE UNICA LTDA;17342;32500000000000
FUNDACAO OSWALDO ARANHA;336;32500000000000
FUNDACAO DRACENENSE DE EDUCACAO E CULTURA;343;49800000000000
ASSOCIACAO DE PAIS E AMIGOS DOS EXCEPCIONAIS DE S LUIZ;772;6050000000000
CENTRO EDUCACIONAL MARIA MILZA LTDA - ME;1616;544000000000
SOCIEDADE EDUCATIVA E CULTURAL AMELIA S/C LTDA - EPP;1142;2790000000000
INSTITUTO PORTO ALEGRE DA IGREJA METODISTA;304;93000000000000
ASPER ENSINO SUPERIOR DA PARAIBA LTDA.;588;11900000000000
ASSOCIACAO LIMEIRENSE DE EDUCACAO ALIE;242;51500000000000
FUNDACAO EDUCACIONAL DR RAUL BAUAB-JAHU;271;50800000000000
FUNDACAO EDUCACIONAL DE ANDRADINA;82;48400000000000
PRO-ENSINO SOCIEDADE CIVIL LTDA - ME;1493;4850000000000
MULTIVIX NOVA VENECIA - ENSINO, PESQUISA E EXTENSAO LTDA;2923;3960000000000
SOCIEDADE EDUCACIONAL BRAZ CUBAS LTDA.;365;52600000000000
CAES - CENTRO AMPERENSE DE ENSINO SUPERIOR LTDA - EPP;1702;5050000000000
FACULDADE PARA O DESENVOLVIMENTO SUSTENTAVEL DA AMAZONIA LTDA. - ME;14970;11100000000000
UNIAO DINAMICA DE FACULDADES CATARATAS UDC LTDA;924;1210000000000
FUNDACAO FRANCISCO DE ASSIS;1132;3760000000000
SOCIEDADE CULTURAL E EDUCACIONAL DE GARCA S/S LTDA;585;54700000000000
INSPETORIA SALESIANA MISSIONARIA DA AMAZONIA;1433;4370000000000
INSTITUTO TECSOMA LTDA - ITEC;880;2460000000000
SOCIEDADE DE ENSINO SUPERIOR DE ARACRUZ LTDA - EPP;1236;3890000000000
INSTITUTO NOVOS HORIZONTES DE ENSINO SUPERIOR E PESQUISA LTDA.;1092;3520000000000
SOCIEDADE EDUCACIONAL ENES NASCIMENTO LTDA - ME;1277;3760000000000
INSTITUTO CAARAPOENSE DE EDUCACAO E CULTURA LTDA;16130;18800000000000
UNIVINTE CENTRO TECNOLOGICO EIRELI;1263;3680000000000
INSTITUTO DE DESENVOLVIMENTO TECNOLOGICO E EDUCACIONAL DE PIRACICABA LTDA;2605;7180000000000
CENTRO DE ENSINO SUPERIOR DE AGUDOS;1216;3250000000000
FUNDACAO DE ASSISTENCIA E EDUCACAO - FAESA;190;27000000000000
FACULDADES INTEGRADAS DE FOZ DO IGUACU LTDA;16750;25100000000000
UNINTER EDUCACIONAL S/A;981;2260000000000
CENTRO DE ENSINO SUPERIOR DE SERRA TALHADA LIMITADA - EPP;16058;18700000000000
EINSTEIN INSTITUICAO DE ENSINO LTDA - EPP;1138;5920000000000
INSTITUTO DE ENSINO SUPERIOR DA REGIAO SERRANA LTDA;1226;3570000000000
VIDAM EMPREENDIMENTOS EDUCACIONAIS LTDA;16079;18900000000000
INSPETORIA SALESIANA SAO PIO X;1391;92800000000000
FUNDACAO EDUCACIONAL DE PENAPOLIS;53;53900000000000
CESA - COMPLEXO DE ENSINO SUPERIOR ARTHUR THOMAS S/S LTDA - ME;1638;4960000000000
AUTARQUIA EDUCACIONAL DO VALE DO SAO FRANCISCO;460;11200000000000
COLEGIO CULTURAL MODULO LTDA - EPP;1684;12500000000000
INSTITUICAO ADV DE EDUC E ASSIST SOCIAL ESTE BRASILEIRA;735;73700000000000
FUNDACAO EDUCACIONAL DO BAIXO SAO FRANCISCO DR. RAIMUNDO MARINHO;71;12400000000000
FUCAPE FUNDACAO DE PESQUISA E ENSINO;1562;3810000000000
FACULDADES CATHEDRAL DE ENSINO SUPERIOR;1109;3490000000000
ASSOCIACAO EDUCACIONAL MODOTTE;15932;17500000000000
FACULDADE PROMINAS LTDA;11897;7250000000000
ITPAC INSTITUTO TOCANTINENSE PRESIDENTE ANTONIO CARLOS S.A;1336;2940000000000
IDEZ EMPREENDIMENTOS EDUCACIONAIS LTDA.;3547;10300000000000
INSTITUTO METODISTA GRANBERY;838;21600000000000
UNIAO DE FACULDADES DE ALAGOAS LTDA - EPP;1343;2750000000000
PROTECNICA PAULISTA LTDA;1153;60700000000000
ASSOCIACAO DE ENSINO VALE DO GORUTUBA S/S LTDA;1444;4460000000000
FUNDACAO SUL MINEIRA DE ENSINO;126;24000000000000
FUNDACAO COMUNITARIA TRICORDIANA DE EDUCACAO;27;25900000000000
FACULDADE CATHEDRAL DE ENSINO SUPERIOR DE BARRA DO GARCAS;1286;3820000000000
ASSOCIACAO VICOSENSE DE ENSINO E PESQUISA LTDA - AVEP - VICOSA - EPP;1137;3370000000000
CEITEP - CENTRO DE EDUCACAO E INOVACAO TECNICO PROFISSIONAL LTDA - EPP;14416;11400000000000
UNIAO SUL-AMERICANA DE EDUCACAO LTDA;1207;3800000000000
FUNDACAO EDUCACIONAL COMUNITARIA DE S S PARAISO MG;408;24900000000000
CENTRO DE ENSINO SUPERIOR DE MARABA LTDA;2818;7330000000000
ASSOCIACAO SANTA TERESINHA DE MOSSORO;17396;32200000000000
SOCIEDADE CATALANA DE EDUCACAO S/C LTDA - EPP;2095;5370000000000
INFOGENIUS ESCOLA TECNICA PROFISSIONALIZANTE LTDA - ME;16180;13400000000000
BARROS MELO ENSINO SUPERIOR S.A.;15559;13700000000000
FACULDADE DE EDUCACAO E CULTURA DA SERRA DA IBIAPABA LTDA;16129;19000000000000
CENTRO DE ENSINO SUPERIOR DOM ALBERTO LTDA;1742;3220000000000
CENTRO UNIFICADO DE EDUCACAO BARRETOS LTDA;1924;60200000000000
SET SOCIEDADE CIVIL EDUCACIONAL TUIUTI LIMITADA;248;76600000000000
INSTITUTO DE CIENCIAS, EDUCACAO E TECNOLOGIA DA BAHIA - ICEB LTDA  - ME;16343;9560000000000
LAEL VARELLA EDUCACAO E CULTURA LTDA;1260;3470000000000
SENAI-SERVICO NACIONAL DE APRENDIZAGEM INDUSTRIAL;2865;3770000000000
FUNDACAO EDUCACIONAL DO MUNICIPIO DE ASSIS;615;51500000000000
FACULDADES INTEGRADAS DE CASTANHAL LTDA - EPP;3135;7930000000000
CEPAR - CENTRO DE ENSINO SUPERIOR DE PARAUAPEBAS LTDA;15769;11400000000000
FUNDACAO MUNICIPAL DE EDUCACAO E CULTURA DE SANTA FE DO SUL;447;47500000000000
FUNDACAO UNIVERSIDADE ALTO VALE DO RIO DO PEIXE - FUNIARP;14626;82800000000000
SOCIEDADE EDUCACIONAL UBERABENSE;103;25500000000000
INSTITUTO DE EDUCACAO SUPERIOR DO VALE DO PARNAIBA S.A.;15617;13800000000000
SOC EDUCACIONAL E ASSISTENCIAL DA PAR DE PAO DE ACUCAR;1715;12500000000000
UNIAO CATALANA DA GESTAO DO CONHECIMENTO LTDA;15861;10800000000000
FAUSB EDUCACIONAL LTDA;16063;17100000000000
FUNDACAO SAO PAULO;378;61000000000000
